"time","site_id","SAIFI","est_uncertainty"
2019-01-01 00:00:00,27,99.9,0
2019-01-01 00:00:00,34,148,0
2019-01-01 00:00:00,45,71.5,0
2019-01-01 00:00:00,64,143,0
2019-01-01 00:00:00,69,122,0
2019-01-01 00:00:00,74,157,0
2019-01-01 00:00:00,111,136,0
2019-01-01 00:00:00,135,140,0
2019-01-01 00:00:00,141,129,0
2019-01-01 00:00:00,142,48.0,0
2019-01-01 00:00:00,147,56.2,0
2019-01-01 00:00:00,148,126,0
2019-01-01 00:00:00,156,123,0
2019-01-01 00:00:00,178,133,0
2019-01-01 00:00:00,179,27.4,0
2019-01-01 00:00:00,185,47.2,0
2019-01-01 00:00:00,187,137,0
2019-01-01 00:00:00,247,75.8,0
2019-01-01 00:00:00,265,106,0
2019-01-01 00:00:00,272,94.0,0
2019-01-01 00:00:00,302,125,0
2019-01-01 00:00:00,318,108,0
2019-01-01 00:00:00,323,188,0
2019-01-01 00:00:00,337,111,0
2019-01-01 00:00:00,346,122,0
2019-01-01 00:00:00,350,93.7,0
2019-01-01 00:00:00,356,189,0
2019-01-01 00:00:00,366,86.3,0
2019-01-01 00:00:00,383,161,0
2019-01-01 00:00:00,385,104,0
2019-01-01 00:00:00,415,59.2,0
2019-01-01 00:00:00,429,60.4,0
2019-01-01 00:00:00,440,157,0
2019-01-01 00:00:00,447,97.9,0
2019-01-01 00:00:00,448,150,0
2020-01-01 00:00:00,3,161,0
2020-01-01 00:00:00,4,106,0
2020-01-01 00:00:00,6,88.5,0
2020-01-01 00:00:00,19,93.0,0
2020-01-01 00:00:00,27,58.5,0
2020-01-01 00:00:00,29,89.0,0
2020-01-01 00:00:00,34,99.0,0
2020-01-01 00:00:00,38,70.2,0
2020-01-01 00:00:00,40,78.9,0
2020-01-01 00:00:00,43,108,0
2020-01-01 00:00:00,44,94.4,0
2020-01-01 00:00:00,56,131,0
2020-01-01 00:00:00,63,107,0
2020-01-01 00:00:00,64,83.9,0
2020-01-01 00:00:00,68,89.7,0
2020-01-01 00:00:00,69,71.9,0
2020-01-01 00:00:00,71,73.9,0
2020-01-01 00:00:00,74,83.1,0
2020-01-01 00:00:00,76,107,0
2020-01-01 00:00:00,98,38.0,0
2020-01-01 00:00:00,103,117,0
2020-01-01 00:00:00,106,114,0
2020-01-01 00:00:00,111,77.4,0
2020-01-01 00:00:00,119,75.4,0
2020-01-01 00:00:00,125,75.8,0
2020-01-01 00:00:00,136,92.2,0
2020-01-01 00:00:00,141,84.2,0
2020-01-01 00:00:00,142,64.0,0
2020-01-01 00:00:00,143,104,0
2020-01-01 00:00:00,148,82.8,0
2020-01-01 00:00:00,166,67.1,0
2020-01-01 00:00:00,168,74.9,0
2020-01-01 00:00:00,172,41.9,0
2020-01-01 00:00:00,177,82.6,0
2020-01-01 00:00:00,179,14.0,0
2020-01-01 00:00:00,181,143,0
2020-01-01 00:00:00,185,18.1,0
2020-01-01 00:00:00,186,53.8,0
2020-01-01 00:00:00,187,74.6,0
2020-01-01 00:00:00,189,68.1,0
2020-01-01 00:00:00,193,76.6,0
2020-01-01 00:00:00,194,86.9,0
2020-01-01 00:00:00,203,131,0
2020-01-01 00:00:00,204,133,0
2020-01-01 00:00:00,212,134,0
2020-01-01 00:00:00,213,101,0
2020-01-01 00:00:00,217,115,0
2020-01-01 00:00:00,218,47.1,0
2020-01-01 00:00:00,230,147,0
2020-01-01 00:00:00,234,92.0,0
2020-01-01 00:00:00,235,152,0
2020-01-01 00:00:00,238,146,0
2020-01-01 00:00:00,242,107,0
2020-01-01 00:00:00,245,108,0
2020-01-01 00:00:00,249,79.4,0
2020-01-01 00:00:00,256,104,0
2020-01-01 00:00:00,257,71.3,0
2020-01-01 00:00:00,264,75.8,0
2020-01-01 00:00:00,265,83.2,0
2020-01-01 00:00:00,270,21.3,0
2020-01-01 00:00:00,274,132,0
2020-01-01 00:00:00,281,88.6,0
2020-01-01 00:00:00,287,59.5,0
2020-01-01 00:00:00,298,90.8,0
2020-01-01 00:00:00,301,57.3,0
2020-01-01 00:00:00,302,76.0,0
2020-01-01 00:00:00,303,94.6,0
2020-01-01 00:00:00,313,84.9,0
2020-01-01 00:00:00,317,109,0
2020-01-01 00:00:00,331,23.7,0
2020-01-01 00:00:00,332,91.3,0
2020-01-01 00:00:00,337,85.9,0
2020-01-01 00:00:00,346,73.7,0
2020-01-01 00:00:00,347,12.4,0
2020-01-01 00:00:00,350,56.6,0
2020-01-01 00:00:00,351,101,0
2020-01-01 00:00:00,352,83.2,0
2020-01-01 00:00:00,356,146,0
2020-01-01 00:00:00,357,164,0
2020-01-01 00:00:00,363,60.9,0
2020-01-01 00:00:00,365,87.6,0
2020-01-01 00:00:00,366,20.5,0
2020-01-01 00:00:00,379,23.5,0
2020-01-01 00:00:00,382,54.0,0
2020-01-01 00:00:00,385,47.7,0
2020-01-01 00:00:00,391,74.6,0
2020-01-01 00:00:00,394,86.1,0
2020-01-01 00:00:00,411,143,0
2020-01-01 00:00:00,415,90.5,0
2020-01-01 00:00:00,433,46.0,0
2020-01-01 00:00:00,440,74.5,0
2020-01-01 00:00:00,446,80.8,0
2020-01-01 00:00:00,447,79.1,0
2020-01-01 00:00:00,448,81.1,0
2020-01-01 00:00:00,450,79.6,0
2020-01-01 00:00:00,451,70.1,0
2020-01-01 00:00:00,456,134,0
2020-01-01 00:00:00,462,135,0
2020-01-01 00:00:00,463,28.9,0
2020-01-01 00:00:00,465,113,0
2020-01-01 00:00:00,472,57.6,0
2021-01-01 00:00:00,1,80.3,0
2021-01-01 00:00:00,3,175,0
2021-01-01 00:00:00,4,156,0
2021-01-01 00:00:00,6,90.3,0
2021-01-01 00:00:00,7,177,0
2021-01-01 00:00:00,9,107,0
2021-01-01 00:00:00,14,172,0
2021-01-01 00:00:00,16,91.2,0
2021-01-01 00:00:00,18,183,0
2021-01-01 00:00:00,19,117,0
2021-01-01 00:00:00,20,169,0
2021-01-01 00:00:00,21,78.1,0
2021-01-01 00:00:00,23,81.3,0
2021-01-01 00:00:00,24,142,0
2021-01-01 00:00:00,25,188,0
2021-01-01 00:00:00,26,186,0
2021-01-01 00:00:00,27,88.7,0
2021-01-01 00:00:00,28,77.8,0
2021-01-01 00:00:00,29,126,0
2021-01-01 00:00:00,30,141,0
2021-01-01 00:00:00,32,117,0
2021-01-01 00:00:00,34,143,0
2021-01-01 00:00:00,35,93.1,0
2021-01-01 00:00:00,36,120,0
2021-01-01 00:00:00,38,96.7,0
2021-01-01 00:00:00,40,104,0
2021-01-01 00:00:00,45,112,0
2021-01-01 00:00:00,46,50.4,0
2021-01-01 00:00:00,49,185,0
2021-01-01 00:00:00,50,116,0
2021-01-01 00:00:00,51,60.0,0
2021-01-01 00:00:00,52,168,0
2021-01-01 00:00:00,56,151,0
2021-01-01 00:00:00,57,182,0
2021-01-01 00:00:00,58,123,0
2021-01-01 00:00:00,59,110,0
2021-01-01 00:00:00,60,93.2,0
2021-01-01 00:00:00,61,113,0
2021-01-01 00:00:00,62,118,0
2021-01-01 00:00:00,63,128,0
2021-01-01 00:00:00,67,130,0
2021-01-01 00:00:00,69,85.0,0
2021-01-01 00:00:00,73,99.6,0
2021-01-01 00:00:00,74,138,0
2021-01-01 00:00:00,75,135,0
2021-01-01 00:00:00,80,171,0
2021-01-01 00:00:00,82,81.2,0
2021-01-01 00:00:00,85,94.3,0
2021-01-01 00:00:00,88,84.7,0
2021-01-01 00:00:00,89,211,0
2021-01-01 00:00:00,90,170,0
2021-01-01 00:00:00,91,93.9,0
2021-01-01 00:00:00,92,178,0
2021-01-01 00:00:00,93,169,0
2021-01-01 00:00:00,94,248,0
2021-01-01 00:00:00,95,127,0
2021-01-01 00:00:00,98,53.1,0
2021-01-01 00:00:00,99,33.9,0
2021-01-01 00:00:00,100,118,0
2021-01-01 00:00:00,102,229,0
2021-01-01 00:00:00,103,166,0
2021-01-01 00:00:00,104,106,0
2021-01-01 00:00:00,105,123,0
2021-01-01 00:00:00,106,119,0
2021-01-01 00:00:00,110,80.9,0
2021-01-01 00:00:00,111,140,0
2021-01-01 00:00:00,115,156,0
2021-01-01 00:00:00,117,142,0
2021-01-01 00:00:00,118,83.1,0
2021-01-01 00:00:00,119,120,0
2021-01-01 00:00:00,120,123,0
2021-01-01 00:00:00,122,125,0
2021-01-01 00:00:00,123,144,0
2021-01-01 00:00:00,125,95.0,0
2021-01-01 00:00:00,126,68.1,0
2021-01-01 00:00:00,127,140,0
2021-01-01 00:00:00,132,193,0
2021-01-01 00:00:00,133,168,0
2021-01-01 00:00:00,135,90.7,0
2021-01-01 00:00:00,136,94.2,0
2021-01-01 00:00:00,139,167,0
2021-01-01 00:00:00,140,180,0
2021-01-01 00:00:00,141,130,0
2021-01-01 00:00:00,142,167,0
2021-01-01 00:00:00,143,124,0
2021-01-01 00:00:00,144,104,0
2021-01-01 00:00:00,145,141,0
2021-01-01 00:00:00,148,137,0
2021-01-01 00:00:00,150,167,0
2021-01-01 00:00:00,153,78.3,0
2021-01-01 00:00:00,154,137,0
2021-01-01 00:00:00,155,166,0
2021-01-01 00:00:00,156,119,0
2021-01-01 00:00:00,159,65.3,0
2021-01-01 00:00:00,161,91.2,0
2021-01-01 00:00:00,165,64.5,0
2021-01-01 00:00:00,166,138,0
2021-01-01 00:00:00,168,115,0
2021-01-01 00:00:00,169,67.3,0
2021-01-01 00:00:00,172,62.1,0
2021-01-01 00:00:00,174,86.3,0
2021-01-01 00:00:00,175,62.2,0
2021-01-01 00:00:00,177,85.9,0
2021-01-01 00:00:00,178,105,0
2021-01-01 00:00:00,179,34.1,0
2021-01-01 00:00:00,181,145,0
2021-01-01 00:00:00,182,76.5,0
2021-01-01 00:00:00,185,25.2,0
2021-01-01 00:00:00,186,60.4,0
2021-01-01 00:00:00,187,135,0
2021-01-01 00:00:00,188,164,0
2021-01-01 00:00:00,189,106,0
2021-01-01 00:00:00,190,166,0
2021-01-01 00:00:00,192,182,0
2021-01-01 00:00:00,193,98.7,0
2021-01-01 00:00:00,194,94.5,0
2021-01-01 00:00:00,195,115,0
2021-01-01 00:00:00,196,117,0
2021-01-01 00:00:00,199,72.8,0
2021-01-01 00:00:00,203,151,0
2021-01-01 00:00:00,204,200,0
2021-01-01 00:00:00,205,93.0,0
2021-01-01 00:00:00,206,156,0
2021-01-01 00:00:00,207,39.9,0
2021-01-01 00:00:00,210,67.7,0
2021-01-01 00:00:00,211,55.1,0
2021-01-01 00:00:00,213,102,0
2021-01-01 00:00:00,214,125,0
2021-01-01 00:00:00,216,39.3,0
2021-01-01 00:00:00,218,54.0,0
2021-01-01 00:00:00,219,58.7,0
2021-01-01 00:00:00,220,173,0
2021-01-01 00:00:00,222,130,0
2021-01-01 00:00:00,223,104,0
2021-01-01 00:00:00,224,184,0
2021-01-01 00:00:00,225,222,0
2021-01-01 00:00:00,226,107,0
2021-01-01 00:00:00,227,187,0
2021-01-01 00:00:00,228,105,0
2021-01-01 00:00:00,229,195,0
2021-01-01 00:00:00,235,219,0
2021-01-01 00:00:00,236,115,0
2021-01-01 00:00:00,239,170,0
2021-01-01 00:00:00,242,140,0
2021-01-01 00:00:00,244,109,0
2021-01-01 00:00:00,245,103,0
2021-01-01 00:00:00,246,149,0
2021-01-01 00:00:00,247,46.0,0
2021-01-01 00:00:00,249,124,0
2021-01-01 00:00:00,250,184,0
2021-01-01 00:00:00,257,90.3,0
2021-01-01 00:00:00,259,53.6,0
2021-01-01 00:00:00,260,231,0
2021-01-01 00:00:00,261,94.5,0
2021-01-01 00:00:00,263,114,0
2021-01-01 00:00:00,264,162,0
2021-01-01 00:00:00,265,122,0
2021-01-01 00:00:00,266,41.5,0
2021-01-01 00:00:00,267,83.8,0
2021-01-01 00:00:00,271,81.3,0
2021-01-01 00:00:00,272,89.6,0
2021-01-01 00:00:00,273,97.8,0
2021-01-01 00:00:00,274,107,0
2021-01-01 00:00:00,279,105,0
2021-01-01 00:00:00,280,121,0
2021-01-01 00:00:00,283,50.4,0
2021-01-01 00:00:00,286,199,0
2021-01-01 00:00:00,287,70.2,0
2021-01-01 00:00:00,288,67.9,0
2021-01-01 00:00:00,289,61.8,0
2021-01-01 00:00:00,290,159,0
2021-01-01 00:00:00,294,92.0,0
2021-01-01 00:00:00,296,193,0
2021-01-01 00:00:00,297,191,0
2021-01-01 00:00:00,298,113,0
2021-01-01 00:00:00,299,51.2,0
2021-01-01 00:00:00,301,102,0
2021-01-01 00:00:00,302,101,0
2021-01-01 00:00:00,303,115,0
2021-01-01 00:00:00,304,23.1,0
2021-01-01 00:00:00,305,94.8,0
2021-01-01 00:00:00,306,189,0
2021-01-01 00:00:00,307,176,0
2021-01-01 00:00:00,310,178,0
2021-01-01 00:00:00,311,86.2,0
2021-01-01 00:00:00,312,67.8,0
2021-01-01 00:00:00,313,113,0
2021-01-01 00:00:00,315,51.5,0
2021-01-01 00:00:00,316,58.1,0
2021-01-01 00:00:00,318,100,0
2021-01-01 00:00:00,320,97.5,0
2021-01-01 00:00:00,321,274,0
2021-01-01 00:00:00,323,176,0
2021-01-01 00:00:00,324,88.1,0
2021-01-01 00:00:00,325,82.5,0
2021-01-01 00:00:00,327,164,0
2021-01-01 00:00:00,330,33.8,0
2021-01-01 00:00:00,331,45.9,0
2021-01-01 00:00:00,332,114,0
2021-01-01 00:00:00,335,99.6,0
2021-01-01 00:00:00,336,101,0
2021-01-01 00:00:00,337,85.0,0
2021-01-01 00:00:00,340,160,0
2021-01-01 00:00:00,341,39.5,0
2021-01-01 00:00:00,342,89.1,0
2021-01-01 00:00:00,343,48.3,0
2021-01-01 00:00:00,344,145,0
2021-01-01 00:00:00,345,159,0
2021-01-01 00:00:00,346,93.5,0
2021-01-01 00:00:00,347,47.2,0
2021-01-01 00:00:00,348,64.9,0
2021-01-01 00:00:00,349,89.9,0
2021-01-01 00:00:00,350,89.6,0
2021-01-01 00:00:00,351,152,0
2021-01-01 00:00:00,352,139,0
2021-01-01 00:00:00,353,64.1,0
2021-01-01 00:00:00,354,81.0,0
2021-01-01 00:00:00,356,211,0
2021-01-01 00:00:00,357,119,0
2021-01-01 00:00:00,360,192,0
2021-01-01 00:00:00,362,115,0
2021-01-01 00:00:00,363,94.0,0
2021-01-01 00:00:00,365,95.4,0
2021-01-01 00:00:00,366,54.0,0
2021-01-01 00:00:00,367,84.1,0
2021-01-01 00:00:00,368,148,0
2021-01-01 00:00:00,370,83.7,0
2021-01-01 00:00:00,372,107,0
2021-01-01 00:00:00,373,84.4,0
2021-01-01 00:00:00,374,150,0
2021-01-01 00:00:00,376,81.9,0
2021-01-01 00:00:00,378,116,0
2021-01-01 00:00:00,379,86.0,0
2021-01-01 00:00:00,380,155,0
2021-01-01 00:00:00,382,55.3,0
2021-01-01 00:00:00,383,120,0
2021-01-01 00:00:00,385,63.4,0
2021-01-01 00:00:00,386,54.4,0
2021-01-01 00:00:00,387,88.5,0
2021-01-01 00:00:00,389,112,0
2021-01-01 00:00:00,390,97.8,0
2021-01-01 00:00:00,391,72.2,0
2021-01-01 00:00:00,392,166,0
2021-01-01 00:00:00,394,106,0
2021-01-01 00:00:00,395,130,0
2021-01-01 00:00:00,396,108,0
2021-01-01 00:00:00,400,158,0
2021-01-01 00:00:00,402,47.4,0
2021-01-01 00:00:00,403,162,0
2021-01-01 00:00:00,408,170,0
2021-01-01 00:00:00,409,62.1,0
2021-01-01 00:00:00,410,65.9,0
2021-01-01 00:00:00,411,110,0
2021-01-01 00:00:00,412,201,0
2021-01-01 00:00:00,415,105,0
2021-01-01 00:00:00,417,28.6,0
2021-01-01 00:00:00,418,72.7,0
2021-01-01 00:00:00,419,275,0
2021-01-01 00:00:00,420,198,0
2021-01-01 00:00:00,421,92.9,0
2021-01-01 00:00:00,422,128,0
2021-01-01 00:00:00,424,109,0
2021-01-01 00:00:00,427,177,0
2021-01-01 00:00:00,428,192,0
2021-01-01 00:00:00,429,127,0
2021-01-01 00:00:00,431,32.6,0
2021-01-01 00:00:00,433,62.0,0
2021-01-01 00:00:00,434,97.5,0
2021-01-01 00:00:00,435,74.6,0
2021-01-01 00:00:00,436,162,0
2021-01-01 00:00:00,437,110,0
2021-01-01 00:00:00,438,33.4,0
2021-01-01 00:00:00,439,26.6,0
2021-01-01 00:00:00,440,139,0
2021-01-01 00:00:00,442,198,0
2021-01-01 00:00:00,443,164,0
2021-01-01 00:00:00,445,178,0
2021-01-01 00:00:00,446,126,0
2021-01-01 00:00:00,447,99.1,0
2021-01-01 00:00:00,448,130,0
2021-01-01 00:00:00,449,161,0
2021-01-01 00:00:00,450,112,0
2021-01-01 00:00:00,451,95.1,0
2021-01-01 00:00:00,453,71.8,0
2021-01-01 00:00:00,455,99.0,0
2021-01-01 00:00:00,456,160,0
2021-01-01 00:00:00,457,110,0
2021-01-01 00:00:00,458,36.7,0
2021-01-01 00:00:00,461,157,0
2021-01-01 00:00:00,462,164,0
2021-01-01 00:00:00,463,82.6,0
2021-01-01 00:00:00,465,128,0
2021-01-01 00:00:00,468,58.4,0
2021-01-01 00:00:00,469,44.5,0
2021-01-01 00:00:00,470,143,0
2021-01-01 00:00:00,471,94.1,0
2021-01-01 00:00:00,472,62.8,0
2021-01-01 00:00:00,475,177,0
2022-01-01 00:00:00,1,53.1,0
2022-01-01 00:00:00,2,71.4,0
2022-01-01 00:00:00,3,135,0
2022-01-01 00:00:00,4,80.4,0
2022-01-01 00:00:00,5,29.6,0
2022-01-01 00:00:00,6,47.8,0
2022-01-01 00:00:00,7,133,0
2022-01-01 00:00:00,8,38.0,0
2022-01-01 00:00:00,9,35.3,0
2022-01-01 00:00:00,10,147,0
2022-01-01 00:00:00,11,164,0
2022-01-01 00:00:00,14,144,0
2022-01-01 00:00:00,15,54.0,0
2022-01-01 00:00:00,16,98.9,0
2022-01-01 00:00:00,17,82.1,0
2022-01-01 00:00:00,18,150,0
2022-01-01 00:00:00,19,67.3,0
2022-01-01 00:00:00,20,56.1,0
2022-01-01 00:00:00,21,69.8,0
2022-01-01 00:00:00,22,100,0
2022-01-01 00:00:00,23,49.6,0
2022-01-01 00:00:00,24,54.7,0
2022-01-01 00:00:00,25,133,0
2022-01-01 00:00:00,26,133,0
2022-01-01 00:00:00,27,72.0,0
2022-01-01 00:00:00,28,27.8,0
2022-01-01 00:00:00,29,70.2,0
2022-01-01 00:00:00,30,62.4,0
2022-01-01 00:00:00,31,61.7,0
2022-01-01 00:00:00,32,58.2,0
2022-01-01 00:00:00,33,97.8,0
2022-01-01 00:00:00,34,57.5,0
2022-01-01 00:00:00,35,82.5,0
2022-01-01 00:00:00,36,97.0,0
2022-01-01 00:00:00,37,112,0
2022-01-01 00:00:00,38,63.6,0
2022-01-01 00:00:00,39,57.3,0
2022-01-01 00:00:00,40,60.1,0
2022-01-01 00:00:00,41,234,0
2022-01-01 00:00:00,42,66.8,0
2022-01-01 00:00:00,44,75.0,0
2022-01-01 00:00:00,45,102,0
2022-01-01 00:00:00,46,86.6,0
2022-01-01 00:00:00,47,78.7,0
2022-01-01 00:00:00,48,125,0
2022-01-01 00:00:00,49,128,0
2022-01-01 00:00:00,50,47.9,0
2022-01-01 00:00:00,51,65.9,0
2022-01-01 00:00:00,52,90.4,0
2022-01-01 00:00:00,54,64.7,0
2022-01-01 00:00:00,56,71.3,0
2022-01-01 00:00:00,57,96.2,0
2022-01-01 00:00:00,58,66.1,0
2022-01-01 00:00:00,59,60.8,0
2022-01-01 00:00:00,60,84.5,0
2022-01-01 00:00:00,61,90.5,0
2022-01-01 00:00:00,62,84.4,0
2022-01-01 00:00:00,63,55.9,0
2022-01-01 00:00:00,64,61.2,0
2022-01-01 00:00:00,67,73.6,0
2022-01-01 00:00:00,69,65.0,0
2022-01-01 00:00:00,70,34.3,0
2022-01-01 00:00:00,71,59.3,0
2022-01-01 00:00:00,72,211,0
2022-01-01 00:00:00,73,87.2,0
2022-01-01 00:00:00,74,59.8,0
2022-01-01 00:00:00,75,94.7,0
2022-01-01 00:00:00,78,63.8,0
2022-01-01 00:00:00,79,119,0
2022-01-01 00:00:00,80,151,0
2022-01-01 00:00:00,87,27.6,0
2022-01-01 00:00:00,88,45.3,0
2022-01-01 00:00:00,89,116,0
2022-01-01 00:00:00,91,100.0,0
2022-01-01 00:00:00,92,134,0
2022-01-01 00:00:00,93,147,0
2022-01-01 00:00:00,94,147,0
2022-01-01 00:00:00,95,54.3,0
2022-01-01 00:00:00,96,54.4,0
2022-01-01 00:00:00,98,48.4,0
2022-01-01 00:00:00,99,45.2,0
2022-01-01 00:00:00,100,59.3,0
2022-01-01 00:00:00,102,133,0
2022-01-01 00:00:00,103,60.8,0
2022-01-01 00:00:00,104,75.2,0
2022-01-01 00:00:00,105,88.8,0
2022-01-01 00:00:00,106,66.0,0
2022-01-01 00:00:00,108,53.4,0
2022-01-01 00:00:00,109,97.1,0
2022-01-01 00:00:00,110,55.6,0
2022-01-01 00:00:00,111,56.7,0
2022-01-01 00:00:00,112,80.9,0
2022-01-01 00:00:00,115,152,0
2022-01-01 00:00:00,116,136,0
2022-01-01 00:00:00,117,84.1,0
2022-01-01 00:00:00,118,69.8,0
2022-01-01 00:00:00,119,39.8,0
2022-01-01 00:00:00,120,112,0
2022-01-01 00:00:00,122,84.3,0
2022-01-01 00:00:00,123,94.5,0
2022-01-01 00:00:00,124,66.0,0
2022-01-01 00:00:00,125,79.6,0
2022-01-01 00:00:00,126,94.5,0
2022-01-01 00:00:00,127,40.5,0
2022-01-01 00:00:00,129,46.9,0
2022-01-01 00:00:00,131,134,0
2022-01-01 00:00:00,132,97.4,0
2022-01-01 00:00:00,133,52.3,0
2022-01-01 00:00:00,135,41.1,0
2022-01-01 00:00:00,139,130,0
2022-01-01 00:00:00,140,136,0
2022-01-01 00:00:00,141,61.4,0
2022-01-01 00:00:00,142,42.6,0
2022-01-01 00:00:00,143,49.2,0
2022-01-01 00:00:00,144,84.1,0
2022-01-01 00:00:00,145,47.9,0
2022-01-01 00:00:00,148,61.7,0
2022-01-01 00:00:00,150,210,0
2022-01-01 00:00:00,151,35.4,0
2022-01-01 00:00:00,152,64.2,0
2022-01-01 00:00:00,153,42.8,0
2022-01-01 00:00:00,154,57.3,0
2022-01-01 00:00:00,155,113,0
2022-01-01 00:00:00,156,60.7,0
2022-01-01 00:00:00,157,103,0
2022-01-01 00:00:00,159,51.3,0
2022-01-01 00:00:00,160,57.5,0
2022-01-01 00:00:00,161,62.9,0
2022-01-01 00:00:00,163,31.8,0
2022-01-01 00:00:00,164,52.7,0
2022-01-01 00:00:00,165,47.3,0
2022-01-01 00:00:00,166,45.7,0
2022-01-01 00:00:00,167,85.0,0
2022-01-01 00:00:00,168,65.7,0
2022-01-01 00:00:00,169,77.5,0
2022-01-01 00:00:00,170,181,0
2022-01-01 00:00:00,171,41.5,0
2022-01-01 00:00:00,172,34.7,0
2022-01-01 00:00:00,173,173,0
2022-01-01 00:00:00,175,57.1,0
2022-01-01 00:00:00,176,64.7,0
2022-01-01 00:00:00,177,90.5,0
2022-01-01 00:00:00,179,23.6,0
2022-01-01 00:00:00,180,71.0,0
2022-01-01 00:00:00,181,66.7,0
2022-01-01 00:00:00,182,32.7,0
2022-01-01 00:00:00,183,150,0
2022-01-01 00:00:00,185,39.6,0
2022-01-01 00:00:00,186,32.8,0
2022-01-01 00:00:00,187,81.1,0
2022-01-01 00:00:00,188,126,0
2022-01-01 00:00:00,189,88.1,0
2022-01-01 00:00:00,190,149,0
2022-01-01 00:00:00,192,141,0
2022-01-01 00:00:00,193,57.2,0
2022-01-01 00:00:00,194,84.0,0
2022-01-01 00:00:00,195,86.3,0
2022-01-01 00:00:00,196,79.1,0
2022-01-01 00:00:00,198,57.9,0
2022-01-01 00:00:00,199,64.9,0
2022-01-01 00:00:00,200,109,0
2022-01-01 00:00:00,201,56.7,0
2022-01-01 00:00:00,202,45.7,0
2022-01-01 00:00:00,203,71.2,0
2022-01-01 00:00:00,204,166,0
2022-01-01 00:00:00,205,79.5,0
2022-01-01 00:00:00,206,97.8,0
2022-01-01 00:00:00,207,58.7,0
2022-01-01 00:00:00,208,127,0
2022-01-01 00:00:00,210,51.2,0
2022-01-01 00:00:00,211,33.7,0
2022-01-01 00:00:00,212,68.9,0
2022-01-01 00:00:00,213,76.7,0
2022-01-01 00:00:00,214,89.3,0
2022-01-01 00:00:00,215,50.8,0
2022-01-01 00:00:00,216,23.7,0
2022-01-01 00:00:00,218,42.5,0
2022-01-01 00:00:00,220,123,0
2022-01-01 00:00:00,221,19.7,0
2022-01-01 00:00:00,222,113,0
2022-01-01 00:00:00,223,89.8,0
2022-01-01 00:00:00,224,146,0
2022-01-01 00:00:00,225,118,0
2022-01-01 00:00:00,227,138,0
2022-01-01 00:00:00,228,82.9,0
2022-01-01 00:00:00,229,117,0
2022-01-01 00:00:00,230,73.3,0
2022-01-01 00:00:00,232,24.1,0
2022-01-01 00:00:00,233,93.7,0
2022-01-01 00:00:00,235,106,0
2022-01-01 00:00:00,236,81.6,0
2022-01-01 00:00:00,237,185,0
2022-01-01 00:00:00,238,66.8,0
2022-01-01 00:00:00,239,114,0
2022-01-01 00:00:00,240,26.9,0
2022-01-01 00:00:00,242,60.6,0
2022-01-01 00:00:00,243,22.6,0
2022-01-01 00:00:00,244,76.4,0
2022-01-01 00:00:00,245,67.7,0
2022-01-01 00:00:00,246,131,0
2022-01-01 00:00:00,247,61.6,0
2022-01-01 00:00:00,249,52.9,0
2022-01-01 00:00:00,250,148,0
2022-01-01 00:00:00,252,91.9,0
2022-01-01 00:00:00,253,116,0
2022-01-01 00:00:00,254,60.8,0
2022-01-01 00:00:00,257,46.2,0
2022-01-01 00:00:00,259,33.0,0
2022-01-01 00:00:00,260,221,0
2022-01-01 00:00:00,261,113,0
2022-01-01 00:00:00,263,128,0
2022-01-01 00:00:00,264,57.6,0
2022-01-01 00:00:00,265,68.2,0
2022-01-01 00:00:00,266,66.6,0
2022-01-01 00:00:00,268,214,0
2022-01-01 00:00:00,270,51.4,0
2022-01-01 00:00:00,271,42.9,0
2022-01-01 00:00:00,272,68.0,0
2022-01-01 00:00:00,273,97.0,0
2022-01-01 00:00:00,274,80.4,0
2022-01-01 00:00:00,276,84.4,0
2022-01-01 00:00:00,278,39.2,0
2022-01-01 00:00:00,279,104,0
2022-01-01 00:00:00,280,55.8,0
2022-01-01 00:00:00,281,63.2,0
2022-01-01 00:00:00,283,43.9,0
2022-01-01 00:00:00,285,89.1,0
2022-01-01 00:00:00,286,202,0
2022-01-01 00:00:00,287,40.5,0
2022-01-01 00:00:00,288,50.9,0
2022-01-01 00:00:00,289,31.3,0
2022-01-01 00:00:00,290,29.7,0
2022-01-01 00:00:00,291,78.8,0
2022-01-01 00:00:00,294,65.1,0
2022-01-01 00:00:00,296,173,0
2022-01-01 00:00:00,298,82.0,0
2022-01-01 00:00:00,299,50.9,0
2022-01-01 00:00:00,301,51.9,0
2022-01-01 00:00:00,302,61.3,0
2022-01-01 00:00:00,303,90.8,0
2022-01-01 00:00:00,304,39.3,0
2022-01-01 00:00:00,305,36.9,0
2022-01-01 00:00:00,306,136,0
2022-01-01 00:00:00,307,146,0
2022-01-01 00:00:00,308,78.5,0
2022-01-01 00:00:00,309,76.7,0
2022-01-01 00:00:00,310,146,0
2022-01-01 00:00:00,311,89.8,0
2022-01-01 00:00:00,312,68.5,0
2022-01-01 00:00:00,313,52.0,0
2022-01-01 00:00:00,314,80.4,0
2022-01-01 00:00:00,316,15.3,0
2022-01-01 00:00:00,317,47.7,0
2022-01-01 00:00:00,318,72.0,0
2022-01-01 00:00:00,320,32.8,0
2022-01-01 00:00:00,321,181,0
2022-01-01 00:00:00,322,45.0,0
2022-01-01 00:00:00,323,53.7,0
2022-01-01 00:00:00,324,67.1,0
2022-01-01 00:00:00,325,88.7,0
2022-01-01 00:00:00,326,85.7,0
2022-01-01 00:00:00,327,140,0
2022-01-01 00:00:00,329,93.5,0
2022-01-01 00:00:00,330,43.1,0
2022-01-01 00:00:00,331,56.1,0
2022-01-01 00:00:00,332,68.2,0
2022-01-01 00:00:00,333,76.9,0
2022-01-01 00:00:00,335,81.1,0
2022-01-01 00:00:00,336,56.8,0
2022-01-01 00:00:00,337,87.0,0
2022-01-01 00:00:00,338,288,0
2022-01-01 00:00:00,339,51.7,0
2022-01-01 00:00:00,340,130,0
2022-01-01 00:00:00,341,25.8,0
2022-01-01 00:00:00,342,55.8,0
2022-01-01 00:00:00,343,54.5,0
2022-01-01 00:00:00,344,105,0
2022-01-01 00:00:00,345,94.4,0
2022-01-01 00:00:00,346,64.7,0
2022-01-01 00:00:00,347,48.0,0
2022-01-01 00:00:00,348,44.0,0
2022-01-01 00:00:00,349,63.0,0
2022-01-01 00:00:00,350,80.0,0
2022-01-01 00:00:00,351,130,0
2022-01-01 00:00:00,352,80.0,0
2022-01-01 00:00:00,353,37.4,0
2022-01-01 00:00:00,354,92.4,0
2022-01-01 00:00:00,355,77.2,0
2022-01-01 00:00:00,356,107,0
2022-01-01 00:00:00,357,62.7,0
2022-01-01 00:00:00,359,97.3,0
2022-01-01 00:00:00,360,113,0
2022-01-01 00:00:00,362,113,0
2022-01-01 00:00:00,363,86.5,0
2022-01-01 00:00:00,364,137,0
2022-01-01 00:00:00,365,63.8,0
2022-01-01 00:00:00,366,59.6,0
2022-01-01 00:00:00,367,72.9,0
2022-01-01 00:00:00,368,135,0
2022-01-01 00:00:00,370,64.4,0
2022-01-01 00:00:00,372,100,0
2022-01-01 00:00:00,373,64.5,0
2022-01-01 00:00:00,374,62.0,0
2022-01-01 00:00:00,375,59.8,0
2022-01-01 00:00:00,376,68.0,0
2022-01-01 00:00:00,378,74.1,0
2022-01-01 00:00:00,379,53.5,0
2022-01-01 00:00:00,380,123,0
2022-01-01 00:00:00,382,70.9,0
2022-01-01 00:00:00,383,74.9,0
2022-01-01 00:00:00,384,25.4,0
2022-01-01 00:00:00,385,63.9,0
2022-01-01 00:00:00,386,53.9,0
2022-01-01 00:00:00,387,105,0
2022-01-01 00:00:00,389,78.8,0
2022-01-01 00:00:00,390,59.1,0
2022-01-01 00:00:00,391,56.7,0
2022-01-01 00:00:00,392,146,0
2022-01-01 00:00:00,393,81.3,0
2022-01-01 00:00:00,394,81.9,0
2022-01-01 00:00:00,395,115,0
2022-01-01 00:00:00,396,69.6,0
2022-01-01 00:00:00,397,35.0,0
2022-01-01 00:00:00,398,56.4,0
2022-01-01 00:00:00,401,94.7,0
2022-01-01 00:00:00,402,43.3,0
2022-01-01 00:00:00,403,90.7,0
2022-01-01 00:00:00,404,68.8,0
2022-01-01 00:00:00,406,27.4,0
2022-01-01 00:00:00,408,131,0
2022-01-01 00:00:00,409,37.5,0
2022-01-01 00:00:00,410,71.7,0
2022-01-01 00:00:00,411,104,0
2022-01-01 00:00:00,412,92.9,0
2022-01-01 00:00:00,415,78.3,0
2022-01-01 00:00:00,417,50.1,0
2022-01-01 00:00:00,418,39.5,0
2022-01-01 00:00:00,419,190,0
2022-01-01 00:00:00,420,140,0
2022-01-01 00:00:00,421,41.2,0
2022-01-01 00:00:00,422,87.9,0
2022-01-01 00:00:00,423,145,0
2022-01-01 00:00:00,424,86.9,0
2022-01-01 00:00:00,425,85.8,0
2022-01-01 00:00:00,426,58.5,0
2022-01-01 00:00:00,427,136,0
2022-01-01 00:00:00,428,101,0
2022-01-01 00:00:00,429,58.9,0
2022-01-01 00:00:00,430,104,0
2022-01-01 00:00:00,431,18.2,0
2022-01-01 00:00:00,433,73.0,0
2022-01-01 00:00:00,434,72.4,0
2022-01-01 00:00:00,435,77.6,0
2022-01-01 00:00:00,436,118,0
2022-01-01 00:00:00,437,79.3,0
2022-01-01 00:00:00,438,51.6,0
2022-01-01 00:00:00,440,62.6,0
2022-01-01 00:00:00,442,161,0
2022-01-01 00:00:00,444,76.5,0
2022-01-01 00:00:00,445,178,0
2022-01-01 00:00:00,446,50.1,0
2022-01-01 00:00:00,447,72.8,0
2022-01-01 00:00:00,448,60.1,0
2022-01-01 00:00:00,449,74.1,0
2022-01-01 00:00:00,450,83.1,0
2022-01-01 00:00:00,451,38.6,0
2022-01-01 00:00:00,452,33.6,0
2022-01-01 00:00:00,453,92.6,0
2022-01-01 00:00:00,455,54.0,0
2022-01-01 00:00:00,456,73.4,0
2022-01-01 00:00:00,457,102,0
2022-01-01 00:00:00,458,35.1,0
2022-01-01 00:00:00,459,79.1,0
2022-01-01 00:00:00,460,136,0
2022-01-01 00:00:00,461,128,0
2022-01-01 00:00:00,462,61.7,0
2022-01-01 00:00:00,463,47.5,0
2022-01-01 00:00:00,464,117,0
2022-01-01 00:00:00,465,86.2,0
2022-01-01 00:00:00,467,86.7,0
2022-01-01 00:00:00,468,76.2,0
2022-01-01 00:00:00,469,45.5,0
2022-01-01 00:00:00,470,153,0
2022-01-01 00:00:00,471,67.0,0
2022-01-01 00:00:00,472,80.6,0
2022-01-01 00:00:00,473,86.1,0
2022-01-01 00:00:00,474,211,0
2022-01-01 00:00:00,475,122,0
2023-01-01 00:00:00,1,22.9,0
2023-01-01 00:00:00,2,38.3,0
2023-01-01 00:00:00,3,131,0
2023-01-01 00:00:00,4,69.9,0
2023-01-01 00:00:00,5,54.7,0
2023-01-01 00:00:00,6,63.4,0
2023-01-01 00:00:00,8,34.6,0
2023-01-01 00:00:00,9,60.3,0
2023-01-01 00:00:00,10,177,0
2023-01-01 00:00:00,12,55.8,0
2023-01-01 00:00:00,13,142,0
2023-01-01 00:00:00,15,55.7,0
2023-01-01 00:00:00,16,127,0
2023-01-01 00:00:00,17,78.9,0
2023-01-01 00:00:00,18,128,0
2023-01-01 00:00:00,19,94.5,0
2023-01-01 00:00:00,20,67.9,0
2023-01-01 00:00:00,21,49.0,0
2023-01-01 00:00:00,22,108,0
2023-01-01 00:00:00,23,57.7,0
2023-01-01 00:00:00,24,71.7,0
2023-01-01 00:00:00,25,167,0
2023-01-01 00:00:00,26,162,0
2023-01-01 00:00:00,27,85.0,0
2023-01-01 00:00:00,28,40.5,0
2023-01-01 00:00:00,29,80.0,0
2023-01-01 00:00:00,30,61.7,0
2023-01-01 00:00:00,31,27.8,0
2023-01-01 00:00:00,32,57.9,0
2023-01-01 00:00:00,33,141,0
2023-01-01 00:00:00,34,68.5,0
2023-01-01 00:00:00,36,93.3,0
2023-01-01 00:00:00,37,101,0
2023-01-01 00:00:00,38,29.3,0
2023-01-01 00:00:00,39,47.4,0
2023-01-01 00:00:00,40,77.8,0
2023-01-01 00:00:00,41,173,0
2023-01-01 00:00:00,44,84.4,0
2023-01-01 00:00:00,45,70.6,0
2023-01-01 00:00:00,46,39.2,0
2023-01-01 00:00:00,47,90.6,0
2023-01-01 00:00:00,49,97.8,0
2023-01-01 00:00:00,50,70.9,0
2023-01-01 00:00:00,51,42.9,0
2023-01-01 00:00:00,52,115,0
2023-01-01 00:00:00,54,90.6,0
2023-01-01 00:00:00,56,86.6,0
2023-01-01 00:00:00,58,90.9,0
2023-01-01 00:00:00,59,73.8,0
2023-01-01 00:00:00,60,121,0
2023-01-01 00:00:00,61,96.1,0
2023-01-01 00:00:00,62,90.3,0
2023-01-01 00:00:00,63,87.7,0
2023-01-01 00:00:00,64,65.8,0
2023-01-01 00:00:00,68,64.3,0
2023-01-01 00:00:00,69,49.9,0
2023-01-01 00:00:00,70,30.0,0
2023-01-01 00:00:00,72,227,0
2023-01-01 00:00:00,73,89.8,0
2023-01-01 00:00:00,74,64.7,0
2023-01-01 00:00:00,75,118,0
2023-01-01 00:00:00,76,79.8,0
2023-01-01 00:00:00,79,155,0
2023-01-01 00:00:00,80,136,0
2023-01-01 00:00:00,86,79.6,0
2023-01-01 00:00:00,87,20.8,0
2023-01-01 00:00:00,88,23.4,0
2023-01-01 00:00:00,89,118,0
2023-01-01 00:00:00,92,129,0
2023-01-01 00:00:00,93,127,0
2023-01-01 00:00:00,94,153,0
2023-01-01 00:00:00,95,69.9,0
2023-01-01 00:00:00,96,19.2,0
2023-01-01 00:00:00,98,44.8,0
2023-01-01 00:00:00,99,49.8,0
2023-01-01 00:00:00,102,137,0
2023-01-01 00:00:00,103,71.1,0
2023-01-01 00:00:00,104,69.6,0
2023-01-01 00:00:00,105,112,0
2023-01-01 00:00:00,106,97.9,0
2023-01-01 00:00:00,108,47.1,0
2023-01-01 00:00:00,109,85.8,0
2023-01-01 00:00:00,110,37.3,0
2023-01-01 00:00:00,111,52.0,0
2023-01-01 00:00:00,112,75.8,0
2023-01-01 00:00:00,113,92.0,0
2023-01-01 00:00:00,116,106,0
2023-01-01 00:00:00,117,65.8,0
2023-01-01 00:00:00,118,54.4,0
2023-01-01 00:00:00,119,74.1,0
2023-01-01 00:00:00,120,159,0
2023-01-01 00:00:00,122,49.5,0
2023-01-01 00:00:00,123,100,0
2023-01-01 00:00:00,124,53.4,0
2023-01-01 00:00:00,125,100,0
2023-01-01 00:00:00,126,94.9,0
2023-01-01 00:00:00,127,56.0,0
2023-01-01 00:00:00,129,59.9,0
2023-01-01 00:00:00,131,146,0
2023-01-01 00:00:00,132,100,0
2023-01-01 00:00:00,133,63.8,0
2023-01-01 00:00:00,134,47.2,0
2023-01-01 00:00:00,135,29.7,0
2023-01-01 00:00:00,136,65.5,0
2023-01-01 00:00:00,139,132,0
2023-01-01 00:00:00,140,181,0
2023-01-01 00:00:00,141,52.0,0
2023-01-01 00:00:00,142,56.3,0
2023-01-01 00:00:00,143,68.7,0
2023-01-01 00:00:00,144,83.2,0
2023-01-01 00:00:00,145,81.3,0
2023-01-01 00:00:00,147,41.9,0
2023-01-01 00:00:00,148,64.4,0
2023-01-01 00:00:00,149,73.4,0
2023-01-01 00:00:00,150,208,0
2023-01-01 00:00:00,151,38.9,0
2023-01-01 00:00:00,152,61.7,0
2023-01-01 00:00:00,153,56.2,0
2023-01-01 00:00:00,154,82.8,0
2023-01-01 00:00:00,155,138,0
2023-01-01 00:00:00,156,25.0,0
2023-01-01 00:00:00,159,28.7,0
2023-01-01 00:00:00,160,56.4,0
2023-01-01 00:00:00,161,91.4,0
2023-01-01 00:00:00,163,31.1,0
2023-01-01 00:00:00,164,47.2,0
2023-01-01 00:00:00,165,38.4,0
2023-01-01 00:00:00,166,56.6,0
2023-01-01 00:00:00,167,66.3,0
2023-01-01 00:00:00,168,63.3,0
2023-01-01 00:00:00,169,68.1,0
2023-01-01 00:00:00,170,137,0
2023-01-01 00:00:00,172,34.5,0
2023-01-01 00:00:00,173,103,0
2023-01-01 00:00:00,174,78.7,0
2023-01-01 00:00:00,176,50.2,0
2023-01-01 00:00:00,177,61.7,0
2023-01-01 00:00:00,178,78.8,0
2023-01-01 00:00:00,179,28.4,0
2023-01-01 00:00:00,180,54.3,0
2023-01-01 00:00:00,181,88.8,0
2023-01-01 00:00:00,182,15.7,0
2023-01-01 00:00:00,183,65.0,0
2023-01-01 00:00:00,185,33.7,0
2023-01-01 00:00:00,187,102,0
2023-01-01 00:00:00,188,122,0
2023-01-01 00:00:00,189,91.3,0
2023-01-01 00:00:00,190,116,0
2023-01-01 00:00:00,192,128,0
2023-01-01 00:00:00,193,54.7,0
2023-01-01 00:00:00,194,80.7,0
2023-01-01 00:00:00,195,75.0,0
2023-01-01 00:00:00,196,75.2,0
2023-01-01 00:00:00,198,69.1,0
2023-01-01 00:00:00,199,66.0,0
2023-01-01 00:00:00,201,42.7,0
2023-01-01 00:00:00,202,44.2,0
2023-01-01 00:00:00,203,96.1,0
2023-01-01 00:00:00,204,98.7,0
2023-01-01 00:00:00,205,128,0
2023-01-01 00:00:00,206,140,0
2023-01-01 00:00:00,207,65.0,0
2023-01-01 00:00:00,208,181,0
2023-01-01 00:00:00,210,29.3,0
2023-01-01 00:00:00,211,40.8,0
2023-01-01 00:00:00,212,84.9,0
2023-01-01 00:00:00,213,66.0,0
2023-01-01 00:00:00,214,115,0
2023-01-01 00:00:00,215,53.5,0
2023-01-01 00:00:00,216,43.7,0
2023-01-01 00:00:00,217,89.5,0
2023-01-01 00:00:00,218,43.4,0
2023-01-01 00:00:00,219,69.8,0
2023-01-01 00:00:00,220,122,0
2023-01-01 00:00:00,221,26.0,0
2023-01-01 00:00:00,222,92.1,0
2023-01-01 00:00:00,223,69.0,0
2023-01-01 00:00:00,224,190,0
2023-01-01 00:00:00,225,128,0
2023-01-01 00:00:00,227,173,0
2023-01-01 00:00:00,228,76.9,0
2023-01-01 00:00:00,229,99.5,0
2023-01-01 00:00:00,230,85.6,0
2023-01-01 00:00:00,232,27.1,0
2023-01-01 00:00:00,233,96.6,0
2023-01-01 00:00:00,234,75.1,0
2023-01-01 00:00:00,236,54.3,0
2023-01-01 00:00:00,237,153,0
2023-01-01 00:00:00,238,91.0,0
2023-01-01 00:00:00,239,92.8,0
2023-01-01 00:00:00,240,33.8,0
2023-01-01 00:00:00,241,19.6,0
2023-01-01 00:00:00,242,72.9,0
2023-01-01 00:00:00,243,17.4,0
2023-01-01 00:00:00,244,72.9,0
2023-01-01 00:00:00,245,69.7,0
2023-01-01 00:00:00,246,92.9,0
2023-01-01 00:00:00,252,67.2,0
2023-01-01 00:00:00,253,113,0
2023-01-01 00:00:00,254,31.0,0
2023-01-01 00:00:00,256,81.2,0
2023-01-01 00:00:00,259,23.7,0
2023-01-01 00:00:00,260,181,0
2023-01-01 00:00:00,261,56.6,0
2023-01-01 00:00:00,263,128,0
2023-01-01 00:00:00,264,65.0,0
2023-01-01 00:00:00,265,88.5,0
2023-01-01 00:00:00,266,50.6,0
2023-01-01 00:00:00,270,31.7,0
2023-01-01 00:00:00,271,37.1,0
2023-01-01 00:00:00,272,66.7,0
2023-01-01 00:00:00,273,98.6,0
2023-01-01 00:00:00,274,74.1,0
2023-01-01 00:00:00,276,65.4,0
2023-01-01 00:00:00,279,79.8,0
2023-01-01 00:00:00,280,74.1,0
2023-01-01 00:00:00,281,68.9,0
2023-01-01 00:00:00,285,115,0
2023-01-01 00:00:00,286,185,0
2023-01-01 00:00:00,287,52.3,0
2023-01-01 00:00:00,288,38.5,0
2023-01-01 00:00:00,290,47.4,0
2023-01-01 00:00:00,291,112,0
2023-01-01 00:00:00,294,65.6,0
2023-01-01 00:00:00,296,56.1,0
2023-01-01 00:00:00,298,61.2,0
2023-01-01 00:00:00,299,21.5,0
2023-01-01 00:00:00,300,136,0
2023-01-01 00:00:00,301,63.2,0
2023-01-01 00:00:00,302,67.6,0
2023-01-01 00:00:00,303,68.4,0
2023-01-01 00:00:00,304,23.8,0
2023-01-01 00:00:00,305,47.3,0
2023-01-01 00:00:00,306,145,0
2023-01-01 00:00:00,307,103,0
2023-01-01 00:00:00,308,50.4,0
2023-01-01 00:00:00,309,58.8,0
2023-01-01 00:00:00,310,127,0
2023-01-01 00:00:00,311,98.6,0
2023-01-01 00:00:00,312,71.5,0
2023-01-01 00:00:00,313,43.0,0
2023-01-01 00:00:00,314,66.1,0
2023-01-01 00:00:00,316,6.38,0
2023-01-01 00:00:00,317,70.0,0
2023-01-01 00:00:00,318,41.9,0
2023-01-01 00:00:00,320,14.9,0
2023-01-01 00:00:00,321,258,0
2023-01-01 00:00:00,323,59.3,0
2023-01-01 00:00:00,325,123,0
2023-01-01 00:00:00,326,70.7,0
2023-01-01 00:00:00,327,124,0
2023-01-01 00:00:00,328,183,0
2023-01-01 00:00:00,329,125,0
2023-01-01 00:00:00,330,42.5,0
2023-01-01 00:00:00,331,30.8,0
2023-01-01 00:00:00,332,65.2,0
2023-01-01 00:00:00,333,54.7,0
2023-01-01 00:00:00,336,148,0
2023-01-01 00:00:00,337,32.2,0
2023-01-01 00:00:00,338,409,0
2023-01-01 00:00:00,339,41.9,0
2023-01-01 00:00:00,340,164,0
2023-01-01 00:00:00,341,12.6,0
2023-01-01 00:00:00,342,37.0,0
2023-01-01 00:00:00,343,49.2,0
2023-01-01 00:00:00,344,161,0
2023-01-01 00:00:00,345,97.2,0
2023-01-01 00:00:00,346,61.4,0
2023-01-01 00:00:00,347,39.2,0
2023-01-01 00:00:00,348,36.5,0
2023-01-01 00:00:00,349,48.7,0
2023-01-01 00:00:00,350,44.0,0
2023-01-01 00:00:00,351,117,0
2023-01-01 00:00:00,352,84.9,0
2023-01-01 00:00:00,354,66.8,0
2023-01-01 00:00:00,355,66.2,0
2023-01-01 00:00:00,356,125,0
2023-01-01 00:00:00,357,67.0,0
2023-01-01 00:00:00,358,64.3,0
2023-01-01 00:00:00,360,135,0
2023-01-01 00:00:00,362,122,0
2023-01-01 00:00:00,363,72.2,0
2023-01-01 00:00:00,365,70.3,0
2023-01-01 00:00:00,366,26.6,0
2023-01-01 00:00:00,367,61.4,0
2023-01-01 00:00:00,368,155,0
2023-01-01 00:00:00,370,71.4,0
2023-01-01 00:00:00,371,135,0
2023-01-01 00:00:00,372,115,0
2023-01-01 00:00:00,373,72.4,0
2023-01-01 00:00:00,374,65.5,0
2023-01-01 00:00:00,375,46.8,0
2023-01-01 00:00:00,376,64.2,0
2023-01-01 00:00:00,377,59.4,0
2023-01-01 00:00:00,378,71.5,0
2023-01-01 00:00:00,379,60.4,0
2023-01-01 00:00:00,380,97.3,0
2023-01-01 00:00:00,381,91.9,0
2023-01-01 00:00:00,382,34.7,0
2023-01-01 00:00:00,383,73.6,0
2023-01-01 00:00:00,384,24.5,0
2023-01-01 00:00:00,385,56.9,0
2023-01-01 00:00:00,386,69.5,0
2023-01-01 00:00:00,387,83.4,0
2023-01-01 00:00:00,388,64.0,0
2023-01-01 00:00:00,389,87.9,0
2023-01-01 00:00:00,390,77.1,0
2023-01-01 00:00:00,391,55.6,0
2023-01-01 00:00:00,392,185,0
2023-01-01 00:00:00,394,83.4,0
2023-01-01 00:00:00,396,63.9,0
2023-01-01 00:00:00,397,22.0,0
2023-01-01 00:00:00,398,64.5,0
2023-01-01 00:00:00,400,77.4,0
2023-01-01 00:00:00,401,128,0
2023-01-01 00:00:00,402,17.1,0
2023-01-01 00:00:00,404,82.1,0
2023-01-01 00:00:00,406,23.4,0
2023-01-01 00:00:00,408,116,0
2023-01-01 00:00:00,409,53.3,0
2023-01-01 00:00:00,410,64.9,0
2023-01-01 00:00:00,411,77.1,0
2023-01-01 00:00:00,412,74.1,0
2023-01-01 00:00:00,417,60.9,0
2023-01-01 00:00:00,418,29.8,0
2023-01-01 00:00:00,419,155,0
2023-01-01 00:00:00,420,164,0
2023-01-01 00:00:00,421,17.7,0
2023-01-01 00:00:00,422,77.1,0
2023-01-01 00:00:00,424,86.8,0
2023-01-01 00:00:00,426,60.8,0
2023-01-01 00:00:00,427,182,0
2023-01-01 00:00:00,428,92.7,0
2023-01-01 00:00:00,429,104,0
2023-01-01 00:00:00,430,118,0
2023-01-01 00:00:00,431,16.7,0
2023-01-01 00:00:00,433,58.9,0
2023-01-01 00:00:00,434,67.3,0
2023-01-01 00:00:00,435,54.5,0
2023-01-01 00:00:00,436,156,0
2023-01-01 00:00:00,437,68.1,0
2023-01-01 00:00:00,438,20.9,0
2023-01-01 00:00:00,440,65.7,0
2023-01-01 00:00:00,442,145,0
2023-01-01 00:00:00,443,63.4,0
2023-01-01 00:00:00,444,93.2,0
2023-01-01 00:00:00,445,55.5,0
2023-01-01 00:00:00,446,70.3,0
2023-01-01 00:00:00,447,62.8,0
2023-01-01 00:00:00,448,66.2,0
2023-01-01 00:00:00,449,73.7,0
2023-01-01 00:00:00,450,77.3,0
2023-01-01 00:00:00,452,40.1,0
2023-01-01 00:00:00,453,78.1,0
2023-01-01 00:00:00,454,115,0
2023-01-01 00:00:00,455,59.4,0
2023-01-01 00:00:00,456,86.3,0
2023-01-01 00:00:00,457,82.0,0
2023-01-01 00:00:00,458,18.2,0
2023-01-01 00:00:00,459,77.9,0
2023-01-01 00:00:00,460,126,0
2023-01-01 00:00:00,461,93.1,0
2023-01-01 00:00:00,462,83.2,0
2023-01-01 00:00:00,463,61.0,0
2023-01-01 00:00:00,464,127,0
2023-01-01 00:00:00,465,70.8,0
2023-01-01 00:00:00,467,58.9,0
2023-01-01 00:00:00,468,67.5,0
2023-01-01 00:00:00,469,24.9,0
2023-01-01 00:00:00,470,132,0
2023-01-01 00:00:00,472,70.9,0
2023-01-01 00:00:00,474,189,0