ea_code9ch,total_hot_hours,total_windy_hours,total_hot_days,total_windy_days,total_precip_days,total_lightning_days,total_PL_days,total_PWL_days,total_precipitation,total_lightning_count,total_observed_days
30200002,865,721,51,28,33,24,13,0,2173.51,616.0,730
30200012,868,721,49,28,33,40,18,2,2117.71,1066.0,730
30200013,870,721,46,28,34,15,11,2,2143.81,272.0,730
30200014,867,721,46,28,34,23,13,2,2157.92,641.0,730
30200015,2598,2163,138,84,102,150,54,6,6399.38,3231.0,730
30200016,871,721,48,28,33,39,18,2,2099.23,998.0,730
30200048,835,721,47,28,35,31,17,2,2366.19,534.0,730
30200054,847,721,50,28,35,0,0,0,2349.12,0.0,730
30200061,845,721,48,28,39,19,8,0,2310.28,527.0,730
30200065,835,721,48,28,39,44,20,2,2318.17,1061.0,730
30200067,846,721,48,28,37,57,20,2,2290.75,1399.0,730
30200075,852,721,46,28,37,23,11,1,2270.34,468.0,730
30200076,852,721,46,28,36,57,20,2,2259.66,1392.0,730
30200082,845,721,48,28,39,13,5,0,2306.34,249.0,730
30200092,854,721,48,28,38,11,3,0,2272.25,235.0,730
30200098,846,721,48,28,38,1,0,0,2251.11,40.0,730
30200109,842,721,47,28,37,36,14,1,2190.17,781.0,730
30200126,854,721,48,28,38,70,24,2,2268.71,2736.0,730
30200134,844,812,46,37,38,38,14,1,2206.11,1152.0,730
30200137,841,721,47,28,38,80,26,2,2217.83,3335.0,730
30200141,843,812,47,37,37,29,13,0,2132.66,1033.0,730
30200149,840,721,47,28,38,35,15,1,2146.08,753.0,730
30200153,839,721,47,28,37,23,12,0,2111.72,484.0,730
30200155,839,721,47,28,38,11,5,0,2093.39,209.0,730
30200161,847,721,48,28,37,23,12,1,2231.03,454.0,730
30200172,1714,1442,94,56,72,20,12,0,4470.16,308.0,730
30200181,846,721,47,28,37,9,5,0,2177.39,184.0,730
30200184,840,721,47,28,37,67,23,2,2161.25,1888.0,730
30200198,844,721,47,28,37,49,18,2,2089.23,1465.0,730
30200204,860,721,46,28,36,56,20,2,2157.42,1356.0,730
30200207,862,721,46,28,36,18,11,1,2174.63,369.0,730
30200263,1562,1442,64,56,62,46,24,0,4101.5,1198.0,730
30200264,4578,4326,186,168,186,330,108,12,12215.48,9420.0,730
30200266,1744,1442,92,56,68,78,36,4,4167.53,1996.0,730
30200269,865,721,46,28,36,44,14,1,2122.26,890.0,730
30200271,856,721,47,28,36,39,16,2,2152.12,1011.0,730
30200273,856,721,47,28,36,37,15,2,2116.01,742.0,730
30200275,850,721,48,28,36,36,14,1,2121.48,976.0,730
30200277,853,721,46,28,35,72,20,2,2094.52,2566.0,730
30200283,860,721,47,28,35,31,11,2,2087.95,837.0,730
30200292,863,721,46,28,35,77,22,2,2024.1,2366.0,730
30200294,3236,2884,152,112,128,204,72,8,8080.85,7496.0,730
30200295,853,721,45,28,31,50,16,2,2036.78,992.0,730
30200299,2283,2163,96,84,96,237,63,6,5981.85,12096.0,730
30200384,1003,315,64,12,42,124,31,3,2627.53,9565.0,730
30200392,1276,872,48,36,66,246,48,12,5052.47,17632.0,730
30200397,285,1303,6,55,28,111,19,8,2339.03,6673.0,730
30300002,857,721,48,28,36,46,15,2,2051.97,1318.0,730
30300037,911,657,53,28,31,60,16,1,1907.89,3383.0,730
30300068,848,730,47,31,38,66,23,1,2108.79,3467.0,730
30300069,856,730,48,31,35,1,0,0,2068.78,40.0,730
30300072,887,593,51,20,34,51,18,1,1983.97,2176.0,730
30300077,1006,518,60,17,28,36,12,1,1795.81,1277.0,730
30300089,847,730,47,31,37,20,11,0,2054.12,575.0,730
30300091,844,657,47,28,37,73,23,1,2065.5,4188.0,730
30300101,874,657,48,28,34,10,5,0,1975.71,216.0,730
30300106,843,657,47,28,37,23,12,1,2048.19,597.0,730
30300123,845,657,47,28,37,57,20,1,2052.68,3060.0,730
30300126,1125,518,81,17,29,32,13,0,1641.94,1547.0,730
30300346,892,657,44,28,31,67,18,1,1878.72,3322.0,730
30300372,667,721,18,28,29,43,13,2,1955.25,1645.0,730
30300386,410,1303,10,55,26,83,18,9,2038.58,4534.0,730
30300394,812,546,28,14,29,78,21,2,1872.72,5848.0,730
30300396,456,489,10,21,26,81,19,8,2026.94,5255.0,730
30300435,223,1303,3,55,26,100,18,11,2158.57,4417.0,730
30402057,865,1345,46,84,40,44,22,1,2398.26,1247.0,730
30402059,868,1345,47,84,40,14,9,0,2397.62,240.0,730
30402283,851,1345,43,84,40,35,20,1,2469.61,2637.0,730
30403015,902,1345,49,84,40,20,12,1,2177.08,575.0,730
30403099,900,1345,50,84,41,30,16,1,2206.58,1102.0,730
30403138,883,1345,47,84,41,43,22,1,2329.25,1217.0,730
30403150,887,1345,48,84,40,0,0,0,2244.93,0.0,730
30403152,901,1345,51,84,41,0,0,0,2209.22,0.0,730
30404003,921,1345,52,84,39,8,4,0,2029.37,144.0,730
30404008,926,1345,56,84,37,0,0,0,1983.86,0.0,730
30404010,926,1345,56,84,36,18,10,1,1959.29,348.0,730
30404036,929,1345,58,84,36,23,10,1,1973.05,547.0,730
30404050,929,1345,56,84,39,23,11,1,2000.32,454.0,730
30404052,921,1345,52,84,41,44,21,1,2096.02,1393.0,730
30404053,1812,2690,102,168,84,88,42,2,4370.0,2686.0,730
30404055,900,1345,50,84,41,0,0,0,2210.67,0.0,730
30404062,900,1345,50,84,42,19,13,1,2217.04,403.0,730
30404064,883,1345,48,84,41,7,5,0,2283.43,107.0,730
30404073,894,1345,50,84,42,7,5,0,2227.85,107.0,730
30404077,913,1345,51,84,41,16,11,0,2134.97,231.0,730
30404082,883,1345,47,84,41,0,0,0,2303.02,0.0,730
30404087,892,1345,50,84,42,8,6,0,2235.47,103.0,730
30404088,910,1345,51,84,42,16,11,0,2169.15,231.0,730
30404093,886,1345,48,84,42,0,0,0,2274.9,0.0,730
30404097,909,1345,51,84,42,0,0,0,2163.85,0.0,730
30404099,926,1345,53,84,38,59,22,1,2039.03,1515.0,730
30404108,936,1345,57,84,39,67,23,1,1985.29,1889.0,730
30404109,938,1345,57,84,39,81,27,1,1968.02,2705.0,730
30404114,937,1345,58,84,37,11,6,0,1928.27,194.0,730
30406001,949,1345,58,84,39,2,1,0,1957.14,96.0,730
30406032,969,1345,58,84,38,32,15,0,1879.17,1023.0,730
30406057,974,1345,61,84,36,78,23,0,1832.67,3182.0,730
30406099,976,1345,61,84,35,0,0,0,1852.62,0.0,730
30406132,980,1345,60,84,35,61,21,0,1818.6,2120.0,730
30406139,978,1345,61,84,34,72,22,0,1800.63,3262.0,730
30406190,980,1345,60,84,35,32,11,0,1793.09,817.0,730
30407002,915,1345,52,84,41,41,15,0,2143.88,784.0,730
30407004,926,1345,52,84,39,67,25,1,2069.07,1965.0,730
30407013,906,1345,50,84,42,0,0,0,2179.57,0.0,730
30407042,938,1345,57,84,39,0,0,0,2001.68,0.0,730
30407058,928,1345,55,84,38,11,5,0,2046.8,209.0,730
30407084,928,812,58,37,39,24,11,0,2022.04,588.0,730
30407106,904,812,53,37,40,12,7,1,2103.03,187.0,730
30407117,936,812,57,37,38,43,15,1,1965.13,1470.0,730
30408004,845,1345,42,84,40,21,12,1,2478.52,643.0,730
30408019,850,1345,43,84,40,21,13,1,2475.71,1566.0,730
30408052,1724,2690,92,168,82,68,38,2,4833.2,2138.0,730
30408053,870,1345,46,84,41,28,17,1,2381.15,643.0,730
30408056,2646,2436,141,111,123,228,87,3,6988.05,8448.0,730
30408058,861,1345,47,84,41,12,5,0,2434.41,170.0,730
30408062,859,1345,47,84,40,46,19,1,2434.68,852.0,730
30408068,852,1345,44,84,40,27,17,1,2470.76,1969.0,730
30408078,839,812,42,37,38,62,25,1,2478.9,3207.0,730
30408101,861,1345,44,84,40,15,8,0,2396.26,220.0,730
30408103,853,1345,45,84,40,0,0,0,2456.65,0.0,730
30408124,868,812,46,37,41,57,24,0,2370.93,1767.0,730
30408125,877,812,47,37,40,51,25,1,2273.95,1686.0,730
30408127,890,812,49,37,40,68,27,1,2165.59,2605.0,730
30408131,845,812,45,37,39,27,15,1,2448.44,573.0,730
30408135,832,812,41,37,37,12,5,0,2449.41,170.0,730
30409148,835,721,42,28,36,0,0,0,2473.72,0.0,730
30409204,828,721,44,28,36,0,0,0,2453.34,0.0,730
30409220,830,721,43,28,37,0,0,0,2435.61,0.0,730
30409233,822,721,43,28,38,41,17,1,2407.58,784.0,730
30409235,827,721,46,28,36,48,18,1,2376.87,912.0,730
30410023,882,812,48,37,41,67,29,1,2183.94,2468.0,730
30410027,854,812,44,37,40,0,0,0,2316.01,0.0,730
30410039,834,812,43,37,37,7,4,0,2380.0,137.0,730
30410044,856,812,46,37,36,69,25,1,2240.52,2546.0,730
30410045,1712,1624,92,74,72,138,50,2,4473.73,5092.0,730
30410046,867,812,48,37,39,34,14,1,2152.66,836.0,730
30410078,834,812,45,37,38,32,18,0,2384.75,831.0,730
30410111,829,721,43,28,38,0,0,0,2401.89,0.0,730
30410117,827,721,46,28,38,1,1,0,2378.13,21.0,730
30410121,825,721,46,28,36,10,9,0,2371.12,197.0,730
30410130,841,812,50,37,37,42,18,0,2308.77,888.0,730
30410135,841,812,50,37,36,19,14,1,2228.72,417.0,730
30410146,855,812,51,37,35,0,0,0,2127.76,0.0,730
30410175,832,721,49,28,38,0,0,0,2328.06,0.0,730
30410186,849,812,48,37,39,24,10,0,2265.39,588.0,730
30410194,857,812,49,37,35,19,14,1,2172.42,403.0,730
30410197,852,812,48,37,38,31,11,1,2175.6,777.0,730
30410207,887,730,52,31,35,64,22,1,1968.7,3269.0,730
30410208,951,593,61,20,33,68,21,1,1826.16,3810.0,730
30410209,877,730,51,31,32,69,22,1,2020.08,4394.0,730
30410228,1071,593,73,20,27,35,13,0,1706.75,1844.0,730
30411005,980,730,61,31,35,65,19,1,1781.56,3327.0,730
30411008,976,888,61,49,36,70,21,1,1771.21,4787.0,730
30411020,918,812,58,37,36,41,16,1,2004.82,1429.0,730
30411028,867,812,51,37,37,8,5,0,2090.45,100.0,730
30411034,955,730,58,31,37,58,22,1,1815.56,2421.0,730
30411044,893,632,51,20,32,47,16,0,1959.24,1554.0,730
30411046,814,632,46,20,33,56,20,0,2059.95,2670.0,730
30411056,1003,593,61,20,29,58,15,0,1790.75,3075.0,730
30411061,773,546,45,14,32,33,15,1,2102.19,1837.0,730
30411062,787,546,44,14,33,46,18,2,2098.78,2372.0,730
30411066,1704,1264,98,40,64,80,34,0,4031.81,5580.0,730
30411069,778,546,44,14,33,54,18,2,2105.68,2986.0,730
30500017,841,546,48,14,35,51,20,2,2059.08,1913.0,730
30500020,821,546,46,14,35,50,20,2,2074.99,1919.0,730
30500031,909,546,51,14,34,7,4,1,2006.51,214.0,730
30500055,932,540,53,11,33,53,19,0,1931.44,1575.0,730
30500065,966,546,56,14,35,75,20,2,1957.73,4139.0,730
30500074,994,546,53,14,37,75,21,2,1921.03,4277.0,730
30500085,1020,540,60,11,36,43,18,0,1871.47,1635.0,730
30500139,986,2626,68,173,31,82,23,7,1493.05,5807.0,730
30500167,1134,546,69,14,32,36,12,2,1842.8,1183.0,730
30500175,1077,546,64,14,33,62,17,2,1856.65,2845.0,730
30500185,1034,546,60,14,32,60,16,2,1863.19,3527.0,730
30500200,997,540,59,11,34,86,23,0,1841.77,4404.0,730
30500258,901,546,52,14,34,75,18,2,1999.63,4279.0,730
30600284,860,632,48,20,34,71,22,0,2007.78,4315.0,730
31100027,853,721,50,28,34,27,13,0,2270.82,675.0,730
31100028,854,721,50,28,33,27,13,0,2268.58,675.0,730
31100033,840,721,48,28,37,12,9,2,2376.14,187.0,730
31100036,843,721,47,28,36,0,0,0,2365.91,0.0,730
31100210,847,721,48,28,35,26,13,2,2325.65,414.0,730
31100214,849,721,51,28,35,12,9,2,2311.82,187.0,730
31100216,1706,1442,106,56,68,62,30,4,4552.91,1202.0,730
31100219,839,721,48,28,34,23,11,1,2277.84,454.0,730
31100220,843,721,50,28,35,23,11,1,2290.02,454.0,730
31100223,842,721,47,28,34,27,12,1,2282.9,615.0,730
31100224,850,721,47,28,36,54,20,2,2261.93,1259.0,730
31100229,855,721,53,28,33,30,14,1,2225.39,879.0,730
31100230,851,721,47,28,34,36,17,2,2237.69,745.0,730
31100232,1714,1442,92,56,70,120,42,4,4440.68,2346.0,730
31100234,859,721,48,28,34,32,15,2,2203.95,1066.0,730
31100235,865,721,47,28,34,23,13,2,2177.31,620.0,730
31200004,930,1345,57,84,37,0,0,0,1926.67,0.0,730
31200008,934,1345,58,84,36,20,13,1,1908.75,575.0,730
31200045,936,1345,58,84,39,27,14,1,1916.44,751.0,730
31200076,937,1345,59,84,39,45,19,1,1890.95,1184.0,730
31200113,944,1345,58,84,39,11,5,0,1868.44,209.0,730
31200157,949,1345,57,84,39,57,19,1,1859.6,1424.0,730
31200166,978,1345,61,84,36,4,3,0,1787.85,50.0,730
31200179,938,1345,54,84,37,66,21,1,1877.22,2155.0,730
31200187,936,1345,53,84,37,44,20,1,1889.71,1711.0,730
31300173,820,546,45,14,33,43,17,2,2083.24,2132.0,730
31300178,839,546,45,14,33,27,12,2,2070.59,535.0,730
31300200,1174,546,74,14,35,8,4,0,1867.23,184.0,730
31300205,1256,546,85,14,32,18,11,1,1830.93,898.0,730
31300237,1132,546,73,14,34,30,11,2,1884.15,623.0,730
31300265,1210,546,77,14,34,32,10,2,1848.77,749.0,730
31300267,1253,546,85,14,32,7,4,1,1831.14,214.0,730
31300291,1247,546,83,14,32,54,13,2,1827.09,1439.0,730
31300310,1254,546,87,14,32,39,14,2,1787.5,1849.0,730
31300328,963,546,52,14,30,75,19,2,1863.51,5893.0,730
31300407,732,489,19,21,30,78,20,8,1927.47,4494.0,730
31300449,2036,1092,114,28,68,100,36,4,3836.07,5914.0,730
